;Votação;% Válidos;Alimentação do parlamentar;Aluguel de aeronaves;Aluguel de carros;Aluguel de embarcações;Assinatura de publicações;Combustíveis e lubrificantes;Consultorias, pesquisas e trabalhos técnicos;Cursos, palestras ou eventos;Divulgação de atividade parlamentar;Emissão de bilhete aéreo;Hospedagem fora do DF;Manutenção de escritório;Passagens aéreas;Passagens terrestres ou marítimas;Segurança particular;Serviços postais;Telefonia;Táxi, pedágio e estacionamento;Total CEAP;;ADMINISTRAÇÃO PÚBLICA;AGRICULTURA;ARTE E CULTURA;CIÊNCIA E TECNOLOGIA;COMUNICAÇÕES;COMÉRCIO EXTERIOR;DEFESA E SEGURANÇA NACIONAL;DESENVOLVIMENTO REGIONAL;DESENVOLVIMENTO URBANO E TRÂNSITO;DESPORTO E LAZER;DIREITO CIVIL E PROCESSUAL CIVIL;DIREITO CONSTITUCIONAL;DIREITO DO TRABALHO E PROCESSUAL DO TRABALHO;DIREITO E DEFESA DO CONSUMIDOR;DIREITO E JUSTIÇA;DIREITO PENAL E PROCESSUAL PENAL;DIREITOS HUMANOS;EDUCAÇÃO;FINANÇAS PÚBLICAS E ORÇAMENTO;HOMENAGENS E DATAS COMEMORATIVAS;INDÚSTRIA;INFORMÁTICA;MEIO AMBIENTE E DESENVOLVIMENTO SUSTENTÁVEL;ORGANIZAÇÃO ADMINISTRATIVA DO ESTADO;ORGANIZAÇÃO POLÍTICA;POLÍTICA ECONÔMICA;POLÍTICA FUNDIÁRIA;PREVIDÊNCIA E ASSISTÊNCIA SOCIAL;PROCESSO LEGISLATIVO;RECURSOS HÍDRICOS;RELAÇÕES INTERNACIONAIS;SAÚDE;SEGURANÇA PÚBLICA;SISTEMA FINANCEIRO;TRABALHO E EMPREGO;TRIBUTAÇÃO;TURISMO;VIAÇÃO E TRANSPORTES;TOTAL PROPOSICAO;Numero;Idade;Bens;Atuacao em meses
Votação;100,0;17,45602318734133;-4,234060484811508;0,5895623164340138;-6,085552846167639;5,439377800735431;0,5045224180597084;-6,174154598190402;-5,3384225475744085;-1,5303699546258265;-5,420439743444602;0,9488130562732822;-0,4397489705099614;0,2795953736110355;-3,1148364332339984;-3,3580459451630538;-2,1041847836016188;7,476010038496356;8,041383826715812;-2,2551983554660517;-3,4591242891195058;;-2,146103504349965;-1,1663907670055909;-4,440017330910976;-3,9664997359098444;-2,342128526320812;-0,45486094054245035;2,0427972582740663;-3,302137955731564;2,236158774196928;3,7412615849064017;-4,580047448274798;4,61539996702938;2,2565607566928216;5,3249404055284595;0,45722640428201516;-0,5065229735053314;-1,4113908750907609;-1,0106513358419529;5,381993295095815;2,385082209145412;-1,413696212630314;1,3154697589229885;4,4882689395817605;0,9303594033416636;1,2119393614620222;1,6347081132153427;0,23122475078337598;-1,001600161599466;-2,6094459586469076;-3,1757187230745427;-2,096622991971146;-1,9069585113341316;-1,7921637744836665;-3,689072597315667;-2,524544508959018;-1,6846549798443662;-2,364475378717953;0,9511835474176117;-0,7365346828119059;-2,5804954609245625;-2,1757800615794394;2,833304652314987;12,217958939082513
% Válidos;17,45602318734133;100,0;-20,39458699962211;22,203313266046322;4,318960385754237;8,253843704423067;-0,4392118069942313;3,6736520818273872;-0,4794292650364106;0,8281374445381163;3,357157174900538;-2,543996272480664;2,2591634444584985;-14,87299862920898;11,751161270020152;-7,003336626126493;-1,0032972327618774;-8,316823882281255;-5,661682484165358;-27,355506037907084;0,38814140635799593;;-1,3196321611675124;4,713986499765499;-3,0965685638975424;-4,417443219032605;3,2265692842859135;0,38870074554027345;-4,388799817636569;8,366910213672789;7,29870516745018;3,860866379306474;6,047940287731598;4,90227551988177;3,6648430657429434;0,4186036372617134;5,743673962838393;1,4121522508997784;2,4172243313586734;6,9231423173324576;6,9496228509967155;4,24055879663263;0,04007455040238914;3,6922832682763773;3,6547030308832986;7,123992708796785;11,556000702521228;-2,0097598443328724;-0,20557401480114884;0,7307607404199082;0,49051059975235656;-0,3611823953592025;-3,7226620291250665;-2,897708511197726;4,903628288432261;0,32240733334685057;9,491795014131675;1,3460158315982511;-5,307279444602366;9,022941614683827;3,8416347702472513;0,5462940216974996;-14,664917314898792;-4,9759408515926955;18,546481055615082
Alimentação do parlamentar;-4,234060484811508;-20,39458699962211;100,0;-11,166104485861183;1,0120867649173688;-3,2756055201749157;0,04353814582468693;9,412021574572972;-0,4918544606961184;-5,5075819708746625;-3,202121933710221;-2,999121304687511;21,014296633545836;2,5209579781650837;0,5232283212639324;4,954947314626232;-3,2559669611601345;7,164458486322592;1,5322645389770153;30,716595729802552;-1,1094535127434553;;1,670010703583134;-2,485802662979798;-0,31330241271549203;4,730683257232073;8,484788936738537;2,469487068850593;13,222755869913227;-6,669452118574359;8,555009233234745;-1,4054019532553543;1,013639919500048;0,30751509956170664;-3,957552826546452;0,20312495326476107;9,01115090868427;9,2211403609406;0,9942282279350854;2,052954260829908;-3,5334365859236714;3,3289794305336726;5,44797551378319;1,7235864758674633;-1,6450594788163824;4,949614879155539;-0,21621139171485154;0,042883068471093994;3,6751266167827636;5,694573443392733;4,383759494010227;-2,948328610273651;17,94962526812869;-0,13064767341177252;-0,057021384948288796;2,9487810388883777;1,7530187619074649;15,9495491685559;23,55009448225093;-1,416398056608324;4,031562828086798;-5,002051738403082;10,869890224773798;-2,9807095103312307;-3,96285501418788
Aluguel de aeronaves;0,5895623164340138;22,203313266046322;-11,166104485861183;100,0;-2,7743353609882284;-0,09507585618214383;-1,2278073271945928;7,021822563529502;-2,131125490427378;1,9888765421874626;-0,849464578984914;-0,6451598458186633;16,630500806949552;-9,073477933752159;2,067503405846717;-1,7079986098113116;-1,358143558356014;-3,2848197914530237;0,5864136700081714;-12,69615668767903;0,17428983582501748;;-1,9030379025924107;-2,505090328619058;-1,8294379089200001;-1,5599961867691803;-3,113061594072642;-2,7694428441267678;-3,6538272263791005;12,591854541927844;-3,7429916962691294;-1,5943699325781082;-3,4943930025693106;-0,879447554728963;-1,4955051394801067;-3,0577795431037336;-2,2396705856045567;-5,138883113869636;-3,6219977746655205;-2,8353027998486398;-0,9002805082016214;-3,371961795370044;-5,573871882543435;3,2137698861133552;-4,0543049144647405;0,8260803341303237;0,608339341373487;0,41367012517172164;-1,0744455242219746;-5,2800441095896415;-3,6862923728638144;0,42044227963944114;-2,7945731043952633;-1,819401539472269;-2,601932146721635;-5,545030367442185;-5,228016020173054;-4,312391745925762;-3,4160660769364144;-1,2267006289116653;-4,727910185374398;-2,567456299570169;3,442718767940758;-0,48676750574364336;8,547662828349715
Aluguel de carros;-6,085552846167639;4,318960385754237;1,0120867649173688;-2,7743353609882284;100,0;1,7195737974030205;84,52828860362096;80,20333221697572;87,8272122542899;-3,1892986140467845;89,68820907308441;91,73764458203657;1,0098949321163941;9,271939887083052;-0,10064791310108753;0,9162373692403479;92,73319401546306;11,77650592882727;76,43163130262019;-3,70472480898053;94,85215041082333;;-3,5666817057080156;-0,3054655644157179;-1,0998904162339305;-2,1308914682160807;-2,15653528069403;0,8278046948478085;-4,025093621235124;-0,2802408456317015;-1,932374890497064;-2,06489773234122;-1,9161943867591007;-3,460346908109703;-3,033960290323475;69,53682513323687;-0,8611828017215106;-4,078201083979172;-3,6193332266442333;-2,0048578072762293;-2,664940446439419;-2,371637797211874;-2,409485881316367;-0,27470924964041565;-2,2414721796990533;0,4988951457666393;-1,747889730780485;-2,0815153583188475;0,3171986250488688;-0,8034121460057435;-2,4555018487334443;-1,1070364653146194;-2,275660886578135;-2,470208369549808;-2,632006116251488;-0,9732785746020154;-1,2000595450851819;-3,058311133446747;-2,0051661783631496;-2,7086616621762536;1,7012133801444143;0,8768219454890129;-8,67391097478679;-3,4511942843769514;-10,120204918653709
Aluguel de embarcações;5,439377800735431;8,253843704423067;-3,2756055201749157;-0,09507585618214383;1,7195737974030205;100,0;-1,7088054576738418;0,819846418004217;-0,44752179798723846;-0,9337664870038219;0,5616913183277892;-0,38992423348093097;-1,0045828569950583;-1,1565691256163744;0,0836334136173356;-0,9725592986761915;0,5046438363551968;-3,0401687142373124;-3,874121780745964;-1,589277243060933;0,2451534426145559;;-1,6866048219636036;-1,7107903624422345;-0,752888721193705;-0,5425202880847176;-1,1856170358261686;-0,3938040487595625;12,756182848010944;-1,6904892662960085;-2,0745158942063076;-0,5189667844903202;-1,6348410521606318;-1,2142406772933596;-1,4195100181597162;-1,2416469518841926;-1,4904507799234517;0,5259117896818211;-0,5718506440248088;-2,2151334935904066;-1,9895098813924361;-2,9199025736921245;-1,6636491212426596;-0,38068248166420987;-1,4791349766053548;-0,8557033446527045;-1,0827954534515598;-0,6812701457992864;-0,1460669291919309;-1,9169828216190097;-1,0174162582879078;-1,0710660702119699;-0,6221312260106854;-0,8292221219392378;0,2940768198040757;-1,7229701806030018;-2,447081368434656;-1,9530776783216062;-0,6859406320870337;-0,6035028937836899;-1,6722126883720494;-0,581435049638716;0,3416841048655178;-1,5035301675007746;3,3820769962609196
Assinatura de publicações;0,5045224180597084;-0,4392118069942313;0,04353814582468693;-1,2278073271945928;84,52828860362096;-1,7088054576738418;100,0;71,00625573376526;78,93863991791936;-0,030385175846226523;82,06303209646522;86,2241543831234;3,8497135900030877;19,61158336315463;0,9249687859391391;-0,7779432821534462;85,67144736764294;18,474132529610863;76,42300974349284;4,641154370279513;87,18759378889172;;-1,859755331864222;-0,2478360782393433;-1,5950988655223868;0,7423150220534611;-1,8468449056804912;0,014877038838293557;3,698428300285915;0,5307784526457706;-1,600121122387562;-1,1423878959907339;-3,8434931322657455;-3,235968838916064;-3,312837827131178;62,638853421510476;1,8125474209745651;-0,10968172888620568;-1,9508683797105024;-1,2802869626726512;1,3994422629194119;-1,5309177135538397;-1,5789198481246867;-0,010037193890402902;3,816281858894224;2,9170304451334466;-1,1727641308330852;0,9401855690827293;1,780373332033635;-1,5539448454461045;-0,11427472174934689;-1,2305548091529885;4,761579608858354;-1,9092395208977493;-1,4319764835890203;-1,4253620265989682;-1,829865834195236;1,1961070253437378;5,8929925625450625;-1,6606405193747418;3,4007798494938157;2,0195678177476806;-1,1562500819306978;0,47072951069836877;-9,708901962285738
Combustíveis e lubrificantes;-6,174154598190402;3,6736520818273872;9,412021574572972;7,021822563529502;80,20333221697572;0,819846418004217;71,00625573376526;100,0;74,04335436990233;-3,5549454602325223;77,18535627846825;76,09579625344831;8,538030423226266;6,98383481229948;-4,7897177904170265;6,181673321520036;77,67277660513659;14,297391284582023;73,83031063780788;3,1318967046738555;81,03897346967088;;-4,2995622712773836;3,4073579712051356;-4,4868929618825035;-4,1433457718068505;3,0592043619400493;-0,3016466396067112;-2,3958152547088276;3,9710492711286594;-1,8856872971517527;-5,378821448582434;-5,382574819427653;-2,8872323597276766;-2,5281737899849923;59,31803149053197;-2,749631952867457;-5,6919384244026245;-6,093968137576413;-2,50595019434392;-0,5583894395320984;3,083930345936699;-4,188412795268784;-1,621047191061906;-4,624656365102895;0,5622445412724102;-2,4848306568355754;-1,6996584278975473;0,6296562976511395;-4,5921543125350315;1,6422370023294066;-2,4252002350465296;-1,6974604220241867;-4,093175843042399;-6,7631521804415895;1,3790134621506218;-1,5732973812593218;-3,7441655958009474;-0,528759590311285;-5,390617005964062;-1,3385205978559602;-5,107464474894668;-1,1388287021063994;2,4371939133889198;1,4122572146407897
Consultorias, pesquisas e trabalhos técnicos;-5,3384225475744085;-0,4794292650364106;-0,4918544606961184;-2,131125490427378;87,8272122542899;-0,44752179798723846;78,93863991791936;74,04335436990233;100,0;-1,05031507037382;91,71069142217527;90,03495268085896;-4,77341451638054;-8,369538612334017;-3,984063872410489;-3,0893211380070027;93,97360368004982;6,907300808311283;72,43328467726062;-3,507942338791633;94,43321123486551;;-2,398294941705825;-0,9481660555332613;-2,0180362382449437;-0,31787362629429866;1,5287800426462292;-1,9351714547632626;-1,2507780766138419;2,782632782175853;-3,6562643924364653;-1,6357548514699047;-2,6627490185944507;-0,8872979939371238;0,9563576896406828;70,3628922342065;-1,4984919833649786;-1,9117794218249426;-2,3717422753051762;0,3511905743187377;0,6298965075256263;-3,6472821807806284;-1,6689435192531026;-1,6725443012342849;-0,572138334832028;-1,8057357887104102;0,2847998669349412;0,6933310146870749;-1,5059167282872357;-1,319405115401734;-0,988600009966699;-2,348939547038743;-0,06570806344179221;-1,6985365467705529;-1,4920977273391334;-2,0171178726061454;-1,5361726556151558;-0,7464837501338633;0,14421231613659868;-1,849737319301119;3,138972219615768;1,533324383539088;-11,361656307339265;-1,0769662315757602;-13,5112006058872
Cursos, palestras ou eventos;-1,5303699546258265;0,8281374445381163;-5,5075819708746625;1,9888765421874626;-3,1892986140467845;-0,9337664870038219;-0,030385175846226523;-3,5549454602325223;-1,05031507037382;100,0;0,8847845215103475;0,6912173366286687;-0,3080976823628508;-2,370511575978247;-0,7948666278927232;-0,6554679314700443;-0,8172727199135884;4,082209895051734;0,9296905824231282;-1,4500269688162672;-0,2985431737421719;;-2,293703823447355;-0,7062648472623253;1,9392046303671535;-1,208059043263211;1,0295861066546446;-1,4733070577577227;-2,0969519205742384;-3,5991230498270577;-0,45564928927274817;-0,3668080309066543;-3,1135923590127588;-2,068024172145548;-0,4480836702958191;-1,348739941562432;-3,318866746130099;-2,1139340539640465;2,166133382713883;-0,8664333187746222;0,8132991240841252;12,03179136923108;1,072523238978188;-0,8476861136565076;-2,734884243271648;-1,9054405642740337;0,7470267086600834;-1,5170207983255735;-0,9119145054793292;-2,02647760082922;1,9316930365861775;-0,9637174726226253;-1,385332991567874;0,5496485898365171;-1,7569527322458736;-2,8060165468465166;-1,9865829668262704;0,4592332290732892;-1,8391390492398931;-2,0144461522585857;-0,856278326283162;-1,4787333307785133;-4,380602522218796;-2,815220960879463;4,870442302635788
Divulgação de atividade parlamentar;-5,420439743444602;3,357157174900538;-3,202121933710221;-0,849464578984914;89,68820907308441;0,5616913183277892;82,06303209646522;77,18535627846825;91,71069142217527;0,8847845215103475;100,0;93,85520462059299;-4,722945393396525;-7,7355879817479725;-2,3609754078424205;1,2326976377822272;97,05058007341879;8,368289184568747;76,91576943955812;-4,537352493580286;97,66529628546245;;-0,8919115666051981;-0,007638516504165364;-0,9371910285203172;-1,2447043717897452;1,3062300317170439;0,9932493163730439;0,5747798486206803;0,5812926906280108;1,0011050096967364;-1,4875933369766505;1,5408405789347648;2,271916527868214;0,36241952951810263;74,16668118730104;0,07676252928704327;-0,440288310690495;-0,7520626331093636;1,220479058042865;-1,2142636353843026;-0,30986589144416193;-0,9310860143373736;0,24114797695622667;-1,5271825803665187;1,4205254788611523;0,3244949932782581;-1,2239661383562697;-1,2384077025728026;0,591494869720992;-0,04376595236518288;-1,593530216971987;0,9368974793968017;-1,3614153062250385;-1,383402792987103;2,103259810706666;3,0081303441817506;0,7203506039027177;-0,3805060165040162;-1,4511861486849678;5,393715763285965;0,7140273035926287;-11,022292452274428;-1,8573753777253283;-9,440019226338288
Emissão de bilhete aéreo;0,9488130562732822;-2,543996272480664;-2,999121304687511;-0,6451598458186633;91,73764458203657;-0,38992423348093097;86,2241543831234;76,09579625344831;90,03495268085896;0,6912173366286687;93,85520462059299;100,0;0,31154867644088324;4,078748292313739;-5,379865484383724;1,4890439994933677;96,8303460726286;12,112716591269258;80,8727241453587;-0,6988187770933573;97,61929520777423;;-2,181930866750827;-0,9085714446377773;-1,6134882770595438;-1,2709848538073847;-1,6085228377550271;-0,36259649343113753;-1,0976680136064383;-3,110155770684204;-2,2425128679935775;0,8726234408842345;-2,4567926277008767;-0,9887589696964597;-0,6241483171087336;72,69971598813059;-2,5730641204879263;-2,5390306691962383;-2,540099603586736;-2,841551684991699;-1,3478052280257473;-1,9319931693009336;-2,289990209413541;-1,9330757164614938;-0,8941280364695949;-2,1910670946743678;-2,570638666456463;-0,6528519304154219;1,3617421549101532;-1,9107158603212677;-1,706552636277786;-2,0616949141653658;-0,2620533046639426;-1,5389974999505749;-2,876217893846136;-1,4904478187895605;-3,319090556885546;-1,2749484056708544;-1,1517525324442508;-0,8921622751074708;3,227013720555304;1,2352431468588616;-7,036411029960685;-0,39809519404072546;-11,442935239446655
Hospedagem fora do DF;-0,4397489705099614;2,2591634444584985;21,014296633545836;16,630500806949552;1,0098949321163941;-1,0045828569950583;3,8497135900030877;8,538030423226266;-4,77341451638054;-0,3080976823628508;-4,722945393396525;0,31154867644088324;100,0;7,000322801315607;6,573246802095658;5,598432590532995;-2,570156880902412;7,4055412106842775;6,073482910438986;14,708438597988415;-0,4524393659583621;;-2,275242623240521;2,212987751681873;-3,715141483898505;-2,610706963364838;-0,3774483322025475;-2,2965640117984676;-2,4545625378151947;-3,1618033311445424;-0,7249772172105543;-2,8092082091859063;-4,491407826707992;-5,723570933775982;-6,487161461391125;-5,012614522688324;-1,8164890334610755;-2,7301112506978105;-3,1670212688905264;-3,3738784327547484;-1,090741008148214;0,4710900498293856;-2,2341406104254506;0,3543058530360496;-4,2144781823972615;1,652048887590607;-0,8226303339697414;3,481364028761189;1,2277404673667918;-1,818157015262401;0,33364513776129145;-0,798403212070097;0,2682683359622461;-2,712305503317232;-3,4207126289104335;0,6559972914054027;-2,275001342218581;-0,8626085256019455;-0,09273972836374574;-2,7502745077332165;-4,2322183508978295;-3,4575443423170613;1,7094150909222974;-1,400186632217957;6,543899871332799
Manutenção de escritório;0,2795953736110355;-14,87299862920898;2,5209579781650837;-9,073477933752159;9,271939887083052;-1,1565691256163744;19,61158336315463;6,98383481229948;-8,369538612334017;-2,370511575978247;-7,7355879817479725;4,078748292313739;7,000322801315607;100,0;3,0701777653560374;2,2784112503418954;-3,0388393251610153;14,845190362082839;11,709451183227648;19,01202908492057;3,393845045949359;;-3,8876434250574534;-2,512844055201199;-3,6084925985004324;-4,846417954567913;-4,124139660482264;3,6849398713885853;-2,4685235401831243;-2,8862420477866797;1,978795067893277;-3,4438653882232586;-6,162516888120004;-5,191166822040778;-1,5618351368874572;-2,995242480969727;-1,6964141175780403;-5,042420874564399;-4,353816025805572;-0,9874376103305238;2,971495112894077;8,516302358153501;0,6039692921017205;0,7775283973054896;5,507827545277453;1,897042726920697;-1,8521145593034187;-0,939933210751444;1,8866717767151437;3,464734882306274;0,13514184932888657;-0,53483815954692;-1,658233096192619;-2,587424398325485;-6,56616336822421;-0,5799229854388596;-3,9016132983194325;1,8750378157651375;4,138750658593756;-2,5826344272026955;-4,2253205763581585;-4,359377618928565;6,455039898179522;-1,14178289697032;7,5289024887618545
Passagens aéreas;-3,1148364332339984;11,751161270020152;0,5232283212639324;2,067503405846717;-0,10064791310108753;0,0836334136173356;0,9249687859391391;-4,7897177904170265;-3,984063872410489;-0,7948666278927232;-2,3609754078424205;-5,379865484383724;6,573246802095658;3,0701777653560374;100,0;0,7790483081309235;-1,363241613673973;-2,351701767553393;-6,164412823089709;-0,07683642113424038;-1,1623047761113459;;-0,3045757341496638;-3,1955529968061307;1,412350114431512;-1,240665056171482;0,7491818734998167;-2,4590856538803303;5,137016385711728;-1,3898272745424256;-0,26082087157850165;-0,9929816078140178;-4,81835773423596;-4,623135457776001;0,285465081442646;-1,1104882373996654;9,718103115097774;-1,2456593114736505;-1,2945040238520629;0,5348725588898329;-3,8292383104817884;2,457586016377758;3,291760614617932;27,798982038893776;-3,158697349800532;-1,6339712680693768;1,825430139039414;-2,595088767866497;-0,7184912373571231;0,7125809801703378;-2,8569108920268262;-0,029811419416084246;-0,5987231278795593;-0,33719908762510137;0,5901581045629083;-4,263563986761498;-3,336321700370083;0,5699212987767625;-1,0280028616358978;2,165950407327803;-1,0211483823388972;5,985296063146809;-9,921253597327176;-3,307860260469898;-10,883277930242302
Passagens terrestres ou marítimas;-3,3580459451630538;-7,003336626126493;4,954947314626232;-1,7079986098113116;0,9162373692403479;-0,9725592986761915;-0,7779432821534462;6,181673321520036;-3,0893211380070027;-0,6554679314700443;1,2326976377822272;1,4890439994933677;5,598432590532995;2,2784112503418954;0,7790483081309235;100,0;-0,903004387103542;1,179667288992762;8,416981577259504;8,423646359982435;0,876713150216472;;-1,3735296663699732;2,0555717999110072;4,0835003420376;-1,629872962898303;-2,3033049071003426;-1,6663316046926442;-3,070612968927118;-3,160958155089936;-1,6528314540484539;-1,273024176996773;-1,286666644944806;-3,2765041943708204;-1,4555015924186738;-2,5265419862801486;-2,959734140256629;-2,8172618619500196;-3,147644178248522;-1,5335809205065585;-4,423154591028017;3,4649751548932817;-4,393299077088257;-0,3861660297312365;-2,788906547909951;-1,7515554335920658;-3,106132550913699;-0,2945698993491978;-0,6286583553703479;-1,9222067833173908;-2,3067594035379;-1,9201204850238285;-1,869045060470232;-0,978757320450834;-2,5599733497963237;-3,1648453614413397;-2,47819228668304;-3,463315054594217;-2,148421663083042;-2,3352236139703346;-3,339885208517897;-1,4861904055935171;1,1141388503782308;-3,2766311966476196;0,37116653584038267
Segurança particular;-2,1041847836016188;-1,0032972327618774;-3,2559669611601345;-1,358143558356014;92,73319401546306;0,5046438363551968;85,67144736764294;77,67277660513659;93,97360368004982;-0,8172727199135884;97,05058007341879;96,8303460726286;-2,570156880902412;-3,0388393251610153;-1,363241613673973;-0,903004387103542;100,0;10,227878224007275;80,21889230516078;-1,8630302467953348;98,93436227990645;;-1,358376408811778;-1,33296927729005;-0,6855365670403598;-0,441317786192167;-1,5147721120155773;-0,6043179080580962;-0,8892852173382072;-1,225219229093805;-1,8761942827065707;-0,4543192467383342;-1,5487425682983158;-0,8119112581523924;-1,1580501002355634;74,85283086648063;-1,0160419196676322;-1,393227822533729;-1,0916773947044214;-1,9427660222288798;-1,5178634323512068;-2,2073136596878964;-1,2839605167813897;-0,16318189511868011;-1,0479456110943692;-0,7607406339763433;-1,5101459450502046;-0,6222483157855613;-0,30183958759782187;-1,2626354944185332;-1,5880970294727035;-0,9472736084779727;-0,40312988812186207;-0,671145648363192;-0,7883885720376864;-1,5226430074692021;-1,9702127647220926;-1,6774628556723137;-0,2543581216283234;-0,6027379894839093;4,36282806360279;2,9109713964465436;-7,884576145726985;-1,0769441395109336;-12,269871287360656
Serviços postais;7,476010038496356;-8,316823882281255;7,164458486322592;-3,2848197914530237;11,77650592882727;-3,0401687142373124;18,474132529610863;14,297391284582023;6,907300808311283;4,082209895051734;8,368289184568747;12,112716591269258;7,4055412106842775;14,845190362082839;-2,351701767553393;1,179667288992762;10,227878224007275;100,0;17,242219198559216;5,674836382193894;12,315209171173269;;0,3456548250138395;5,9326427895483205;-2,490621692051323;-0,11320569505763262;2,695159264924203;-0,7118468944469005;2,510490112337562;-4,173794962283583;6,0366868153006035;-2,7873481046355884;-3,460175140307089;6,242258991174709;1,496263845837417;8,341372761586024;2,518497858291208;2,236397333581618;-1,6791304858266785;5,037900740363101;1,8120520386538534;8,233168230782836;1,5639217396882295;-2,1432441591431397;4,514186319384991;-1,7928754262422557;4,702664060516037;-4,051899766606047;-0,5541758994545178;4,651199862362601;0,6134146014168548;-1,2299548653193977;7,761044025431587;-0,6335824915561984;-3,888774859542289;-0,9458202923099969;3,9453319737403;6,203205675632381;7,13130864534774;-2,2249129192522172;1,5295123247311957;-3,7352993883316503;10,469316237112093;0,6393793292686686;5,0646427876267905
Telefonia;8,041383826715812;-5,661682484165358;1,5322645389770153;0,5864136700081714;76,43163130262019;-3,874121780745964;76,42300974349284;73,83031063780788;72,43328467726062;0,9296905824231282;76,91576943955812;80,8727241453587;6,073482910438986;11,709451183227648;-6,164412823089709;8,416981577259504;80,21889230516078;17,242219198559216;100,0;4,508488267351448;81,59627748686304;;-4,808756593043193;4,7371133516257595;-2,905213956145037;-4,4545121392519915;-5,959948508079825;1,9647244169503746;-1,9973060676968055;-1,1073641323752108;-4,64596110514018;-3,819598768116989;-3,8050050226003247;-0,4006446001465781;-4,10934397318928;58,80951049666707;-2,1352320294924065;-6,22419053433818;-6,440523300235915;-1,6194735777256688;4,220206323717031;3,104035716532114;-3,226479728886315;-0,028534919353129445;2,130366880855129;-0,4905143182205909;2,7287586789579343;-3,3212238332058552;3,1721632948407277;-1,7274079733658492;0,266455523191216;-2,128974854153232;-1,2818474171872727;-3,803052943188825;-6,802471346391184;-0,1544833717588412;-1,0664271460267978;-0,21427620672036404;-1,6129690386199165;-2,5100966334495123;-0,6689957793486367;-3,3897318009311292;6,4545975005519285;0,8112969534885061;3,461445849446825
Táxi, pedágio e estacionamento;-2,2551983554660517;-27,355506037907084;30,716595729802552;-12,69615668767903;-3,70472480898053;-1,589277243060933;4,641154370279513;3,1318967046738555;-3,507942338791633;-1,4500269688162672;-4,537352493580286;-0,6988187770933573;14,708438597988415;19,01202908492057;-0,07683642113424038;8,423646359982435;-1,8630302467953348;5,674836382193894;4,508488267351448;100,0;-1,3367719745493933;;-0,5744788607664425;-6,5955119369971476;-0,446321308413256;1,5533536205446423;4,5806680179514885;3,494580858575236;7,73149177754831;-7,932271045887453;1,9282563786831846;-1,497061610885898;-0,3000863686026703;-5,583000894287105;-5,0577075476905105;-5,119481902984665;4,966690422695126;2,632372305602407;-1,7665161823465398;-2,864533104061328;-8,433954224002205;-0,07580545284253885;1,3338059906858801;-1,7522478366712329;-3,5627999593316777;1,6154112324768437;-3,2370539573449424;1,0683895383784219;-1,176315449554708;2,236368590475858;5,774163931840042;0,7636600655867439;9,912790479965604;-2,221185904813217;-1,722453685235445;3,840588052916755;-8,721573745384838;8,454121531856403;21,73253914080716;-1,7662941649884085;-1,2062632166300067;-2,5288989627888703;1,2000223658802027;-4,431360734325388;-0,5586952931530538
Total CEAP;-3,4591242891195058;0,38814140635799593;-1,1094535127434553;0,17428983582501748;94,85215041082333;0,2451534426145559;87,18759378889172;81,03897346967088;94,43321123486551;-0,2985431737421719;97,66529628546245;97,61929520777423;-0,4524393659583621;3,393845045949359;-1,1623047761113459;0,876713150216472;98,93436227990645;12,315209171173269;81,59627748686304;-1,3367719745493933;100,0;;-2,281771052469864;-0,5552442214559189;-1,658338756966859;-1,572427010469226;-0,40671267615963286;0,07353840178228303;-0,9833775395464907;-0,2610576645261979;-1,3011010126299656;-1,4243925872680148;-1,711746156491298;-0,6144727915562708;-0,7733280709712407;74,52717822629175;-1,0475766892716674;-2,3363984070810435;-2,464897189736586;-0,8874057436492137;-1,0380556553488587;-1,0311385910651463;-1,7437799728074126;-0,1632971384988581;-1,1530338105287479;-0,24088258205406973;-0,8840260161826097;-1,021159277012958;-0,18761891891208135;-0,7430658376544519;-1,092138070050689;-1,7961845149759699;-0,11254344736727974;-1,868527187290215;-2,556456435473211;-0,46655388429999295;-0,8497477709822612;-0,7249141211428791;-0,28044453467574637;-1,786549395047461;3,4942687906920398;0,8252003515081376;-8,699287460257661;-1,5246403025606472;-10,33131629999939
;;;;;;;;;;;;;;;;;;;;;;;;;;;;;;;;;;;;;;;;;;;;;;;;;;;;;;;;;;;;;;;;;
ADMINISTRAÇÃO PÚBLICA;-2,146103504349965;-1,3196321611675124;1,670010703583134;-1,9030379025924107;-3,5666817057080156;-1,6866048219636036;-1,859755331864222;-4,2995622712773836;-2,398294941705825;-2,293703823447355;-0,8919115666051981;-2,181930866750827;-2,275242623240521;-3,8876434250574534;-0,3045757341496638;-1,3735296663699732;-1,358376408811778;0,3456548250138395;-4,808756593043193;-0,5744788607664425;-2,281771052469864;;100,0;4,921019595107562;80,43129547850322;80,23776106273885;22,962286818218548;2,383986229685968;8,628585312423196;5,460340525821864;52,35906211888971;0,37666877006215727;50,80760453089863;8,43735135738041;-0,06477642481354584;35,06825971017488;9,80726081844344;74,80562763917706;79,76764992060123;19,218128605625846;8,73364505151228;9,402660624973564;64,56080619761022;2,2154324219426718;8,387775720085063;11,138632335356517;16,76192091122616;-0,01458023147827863;0,9060918809118718;12,957433526453773;21,073340048300977;83,78210596075346;4,653689628487259;88,93312942063359;73,14228866937827;21,14583820690432;13,18984050331663;16,334833392099778;7,682795012029614;1,66240100149497;86,99204692978904;-0,8776568715035238;-6,022557410847891;-0,3703097335225861;-8,201811129229286
AGRICULTURA;-1,1663907670055909;4,713986499765499;-2,485802662979798;-2,505090328619058;-0,3054655644157179;-1,7107903624422345;-0,2478360782393433;3,4073579712051356;-0,9481660555332613;-0,7062648472623253;-0,007638516504165364;-0,9085714446377773;2,212987751681873;-2,512844055201199;-3,1955529968061307;2,0555717999110072;-1,33296927729005;5,9326427895483205;4,7371133516257595;-6,5955119369971476;-0,5552442214559189;;4,921019595107562;100,0;-0,7237005924673968;0,26442433362433015;16,24820696990464;4,497316261401949;2,4280511702537537;19,945365674796705;12,019534431880203;0,3165340826482491;8,23066260708223;1,2537273540596925;-3,1631468940533924;6,755886179712416;0,6270923667562776;2,083456945486285;7,830857975959475;13,375692893050969;6,575778304126281;22,241221136697686;14,032605168321163;-1,6100788614093073;13,111894612257405;2,75402455715684;6,247139835215873;-1,480589775788853;26,97524400499044;10,615414758294927;2,1711814662097577;3,982212305910901;-0,6424039553421362;0,32249622953012946;-0,2624575448013566;8,852496967828442;14,487455164300775;6,93841513736233;7,946359296323556;0,67701115855224;13,06773451678754;-2,4317821140727185;0,19335358742252812;-1,4513952542876896;7,447730494935856
ARTE E CULTURA;-4,440017330910976;-3,0965685638975424;-0,31330241271549203;-1,8294379089200001;-1,0998904162339305;-0,752888721193705;-1,5950988655223868;-4,4868929618825035;-2,0180362382449437;1,9392046303671535;-0,9371910285203172;-1,6134882770595438;-3,715141483898505;-3,6084925985004324;1,412350114431512;4,0835003420376;-0,6855365670403598;-2,490621692051323;-2,905213956145037;-0,446321308413256;-1,658338756966859;;80,43129547850322;-0,7237005924673968;100,0;84,94353225472402;5,073215404961435;-1,5704829283498607;-0,019041953485500952;1,5355238702974636;37,18900043592706;0,29496800805841983;39,763306144012105;2,0254361290951386;0,4230413687664747;27,182089689309475;4,975257981386184;57,22795632274388;78,53999536439915;11,062786317512835;0,381564379992852;6,166021914915915;60,737960056121764;2,4546067130467053;-1,021301367089822;1,8384229248952124;5,459934501327175;-1,6170799244985132;-0,8158286780607744;4,411936695103183;0,20541016385570657;85,39504116247548;-1,4767062995329612;89,44124943356155;67,81114740058838;3,7695700255745557;5,968359584721245;2,9862072296123747;1,0901754666771741;1,6273646483131516;75,29686064567761;-0,1566813849644099;-6,122280696734218;-1,4236791528117416;-8,663128977784245
CIÊNCIA E TECNOLOGIA;-3,9664997359098444;-4,417443219032605;4,730683257232073;-1,5599961867691803;-2,1308914682160807;-0,5425202880847176;0,7423150220534611;-4,1433457718068505;-0,31787362629429866;-1,208059043263211;-1,2447043717897452;-1,2709848538073847;-2,610706963364838;-4,846417954567913;-1,240665056171482;-1,629872962898303;-0,441317786192167;-0,11320569505763262;-4,4545121392519915;1,5533536205446423;-1,572427010469226;;80,23776106273885;0,26442433362433015;84,94353225472402;100,0;11,712384790252568;1,1176851855298835;13,737339823033157;-1,7267891060570417;42,08154556850144;1,0967200998460491;40,072844154619794;-0,7926443964580173;-0,6736646317209193;27,57343171854719;12,614063391229955;67,71989239256057;82,62374521617676;4,3700980191747;-0,04383674643042335;-0,4926707655233177;62,93047726171543;-0,48973382718815583;-0,5959980478897021;-1,1008304665936874;-1,3049187020208095;-0,8764286562196145;-0,5268405057508622;4,975199565097224;-1,3032545971659286;85,38975448309058;23,008273530562512;90,51732807181196;71,0136320331269;1,1152824692622076;0,6429088173041788;17,135712432878766;23,819309072511437;-0,35834821798195415;78,77859085146576;0,631938603068624;-5,070866500651054;0,39482467729309195;-12,190292533853247
COMUNICAÇÕES;-2,342128526320812;3,2265692842859135;8,484788936738537;-3,113061594072642;-2,15653528069403;-1,1856170358261686;-1,8468449056804912;3,0592043619400493;1,5287800426462292;1,0295861066546446;1,3062300317170439;-1,6085228377550271;-0,3774483322025475;-4,124139660482264;0,7491818734998167;-2,3033049071003426;-1,5147721120155773;2,695159264924203;-5,959948508079825;4,5806680179514885;-0,40671267615963286;;22,962286818218548;16,24820696990464;5,073215404961435;11,712384790252568;100,0;5,727358516157579;18,923875751142745;1,7414399219823609;47,866072791174865;3,5958124152126665;22,088670201855972;7,648512855269305;-0,5597869260232433;33,41321977469391;20,425143868277456;23,29306747355789;23,951054930879963;37,040925641996715;1,1899680701401698;19,75239197084538;36,737966084459444;2,567594903673559;13,834224391008847;14,28083754916391;8,150745459609901;-2,247553704589337;-1,2681149260934401;21,593797710957688;17,88306793220093;10,195141057533641;23,450355791838433;7,216108604972818;9,144871133077888;35,72150234902212;19,87261826059661;36,932911534248625;38,583362117449056;4,205413744118819;35,36163361811929;-1,8972938710303522;-8,792127447579688;-3,481271119915139;-2,6986574674666777
COMÉRCIO EXTERIOR;-0,45486094054245035;0,38870074554027345;2,469487068850593;-2,7694428441267678;0,8278046948478085;-0,3938040487595625;0,014877038838293557;-0,3016466396067112;-1,9351714547632626;-1,4733070577577227;0,9932493163730439;-0,36259649343113753;-2,2965640117984676;3,6849398713885853;-2,4590856538803303;-1,6663316046926442;-0,6043179080580962;-0,7118468944469005;1,9647244169503746;3,494580858575236;0,07353840178228303;;2,383986229685968;4,497316261401949;-1,5704829283498607;1,1176851855298835;5,727358516157579;100,0;-1,8051457363253345;5,086932169110643;6,232694993933699;-0,814220218012294;22,217554514008953;4,675899938811565;7,630088793006822;4,495939775639363;7,533792364833755;-0,6194018768788201;2,4074773641180474;5,76574077101018;4,0896218823232955;8,675882805505434;7,6817784166266545;-0,597262450078594;2,39285201359939;-1,342534791549724;-2,983572672082893;-1,068862099108589;-0,64251647281967;13,774595810642504;4,111457797796028;2,8659983876175086;-0,9760775402459809;2,4886308420558367;-0,43279633794117883;9,170577327986138;21,008856942064032;23,970214100795538;7,505676834121575;2,2476361999692775;7,8764701555253485;-1,172179368935684;0,20866762067088618;-0,9609021221542959;5,3084416345934295
DEFESA E SEGURANÇA NACIONAL;2,0427972582740663;-4,388799817636569;13,222755869913227;-3,6538272263791005;-4,025093621235124;12,756182848010944;3,698428300285915;-2,3958152547088276;-1,2507780766138419;-2,0969519205742384;0,5747798486206803;-1,0976680136064383;-2,4545625378151947;-2,4685235401831243;5,137016385711728;-3,070612968927118;-0,8892852173382072;2,510490112337562;-1,9973060676968055;7,73149177754831;-0,9833775395464907;;8,628585312423196;2,4280511702537537;-0,019041953485500952;13,737339823033157;18,923875751142745;-1,8051457363253345;100,0;3,1212277301767717;19,47232698896763;2,779877354591885;8,767272939875536;10,447223517789043;0,8649162618737293;0,6442481279910133;20,16980967721086;33,36705987436173;10,460908835274783;12,7324220161351;2,0904974368242972;-0,4600452663467983;5,563829416709005;-1,038613753834953;-3,424409099859993;6,498998278561878;2,296811982626053;2,6482812191176106;-0,6460672390002132;5,2009023377371415;8,106781815878092;-2,764476498541228;50,0071173443673;1,5010221825118437;14,303994349136612;-3,8732109378402138;7,266554816647474;26,9022451031662;37,89472962690261;-0,44115367530474126;16,259921237778638;-1,4838436376293134;-0,43848093632018004;-1,1214296624026536;-1,3243317601695224
DESENVOLVIMENTO REGIONAL;-3,302137955731564;8,366910213672789;-6,669452118574359;12,591854541927844;-0,2802408456317015;-1,6904892662960085;0,5307784526457706;3,9710492711286594;2,782632782175853;-3,5991230498270577;0,5812926906280108;-3,110155770684204;-3,1618033311445424;-2,8862420477866797;-1,3898272745424256;-3,160958155089936;-1,225219229093805;-4,173794962283583;-1,1073641323752108;-7,932271045887453;-0,2610576645261979;;5,460340525821864;19,945365674796705;1,5355238702974636;-1,7267891060570417;1,7414399219823609;5,086932169110643;3,1212277301767717;100,0;2,4126339037086884;0,011371653353315032;3,3927464706123636;5,715513168183326;9,03137596656901;-0,35830127219170116;3,0931730033827627;4,161378594609346;0,48993309215532427;12,760067351776765;9,414836736770308;0,7044648205546821;0,007856255354561942;5,15493671618504;12,294521752849837;-0,5230908699762137;11,0953053639087;-2,7369787279708033;-0,4013617790760503;0,5140730680054838;9,769903313410545;2,6512321145523305;-0,3880205599756995;-0,3686515632776772;-1,3618763003520709;5,141165438759404;3,7241088025017235;1,0271423809656095;-1,2941094629304988;2,1789323201761306;5,809078144668773;-2,4461860445978822;-5,751754994082415;0,8510523151877192;8,2215877733688
DESENVOLVIMENTO URBANO E TRÂNSITO;2,236158774196928;7,29870516745018;8,555009233234745;-3,7429916962691294;-1,932374890497064;-2,0745158942063076;-1,600121122387562;-1,8856872971517527;-3,6562643924364653;-0,45564928927274817;1,0011050096967364;-2,2425128679935775;-0,7249772172105543;1,978795067893277;-0,26082087157850165;-1,6528314540484539;-1,8761942827065707;6,0366868153006035;-4,64596110514018;1,9282563786831846;-1,3011010126299656;;52,35906211888971;12,019534431880203;37,18900043592706;42,08154556850144;47,866072791174865;6,232694993933699;19,47232698896763;2,4126339037086884;100,0;5,008828323492793;42,184392524797964;15,476220166567714;3,021191916619781;36,45661017290248;25,849724223172483;59,37895323551707;58,49457275581673;59,69639349920328;5,983280170465362;28,941574400950625;65,30138299130374;3,147271217566823;26,85753426034352;19,01669166124325;17,437973126192997;0,8949905413980145;-1,1336509230510317;46,301200392229305;16,30613793401793;47,723795584293164;20,80391692375942;47,93275577503617;36,30456497935702;33,558893169948774;39,466714259127734;41,95157777023631;32,61715325207335;8,017970449002815;71,6835077508869;-2,8869060490765612;-8,99771995998568;-5,037319585020418;1,094307972637967
DESPORTO E LAZER;3,7412615849064017;3,860866379306474;-1,4054019532553543;-1,5943699325781082;-2,06489773234122;-0,5189667844903202;-1,1423878959907339;-5,378821448582434;-1,6357548514699047;-0,3668080309066543;-1,4875933369766505;0,8726234408842345;-2,8092082091859063;-3,4438653882232586;-0,9929816078140178;-1,273024176996773;-0,4543192467383342;-2,7873481046355884;-3,819598768116989;-1,497061610885898;-1,4243925872680148;;0,37666877006215727;0,3165340826482491;0,29496800805841983;1,0967200998460491;3,5958124152126665;-0,814220218012294;2,779877354591885;0,011371653353315032;5,008828323492793;100,0;4,5907276191345865;1,4164701569358773;-0,2873050201651365;1,2641683102154138;3,7841057750896447;1,8729366805703942;5,164792912562027;4,02847382970604;-0,8837921145471633;1,2442766024963043;3,6441176527821084;0,5660087361034637;6,927006050897543;2,1606577504172577;0,3998010015637142;-0,14794190034827132;-0,3804844865714596;3,3039993235705194;-0,9060052736860762;0,2145497565629761;3,6749731960276684;0,11870841028538065;2,4345636759584486;2,3123214685158913;1,3369347916063863;4,717636277726593;6,059676959220518;10,44367154634347;20,6706483586919;23,91793770080026;-5,226206347400715;5,600237844971785;-13,342888737058226
DIREITO CIVIL E PROCESSUAL CIVIL;-4,580047448274798;6,047940287731598;1,013639919500048;-3,4943930025693106;-1,9161943867591007;-1,6348410521606318;-3,8434931322657455;-5,382574819427653;-2,6627490185944507;-3,1135923590127588;1,5408405789347648;-2,4567926277008767;-4,491407826707992;-6,162516888120004;-4,81835773423596;-1,286666644944806;-1,5487425682983158;-3,460175140307089;-3,8050050226003247;-0,3000863686026703;-1,711746156491298;;50,80760453089863;8,23066260708223;39,763306144012105;40,072844154619794;22,088670201855972;22,217554514008953;8,767272939875536;3,3927464706123636;42,184392524797964;4,5907276191345865;100,0;21,791074968360675;16,724274937866525;29,04561349946773;28,699267192542006;43,5326506521314;56,78616212124108;19,66773680405533;11,154974997126214;11,583888891385435;46,15894360255336;-0,18050243167369573;24,72827715117998;13,795228842949214;13,799017329937355;-0,33769605722752605;2,269731801627743;32,72029427631564;15,80718029138043;43,87240185611822;4,853437408184295;43,964484333263144;44,53913092803609;31,222016531448638;47,23598815726987;35,542865632366784;12,215780766406134;34,638513914001514;64,49489990058886;-1,4467045823492393;-0,4991687165701017;-1,676891641110062;-4,7364436617337375
DIREITO CONSTITUCIONAL;4,61539996702938;4,90227551988177;0,30751509956170664;-0,879447554728963;-3,460346908109703;-1,2142406772933596;-3,235968838916064;-2,8872323597276766;-0,8872979939371238;-2,068024172145548;2,271916527868214;-0,9887589696964597;-5,723570933775982;-5,191166822040778;-4,623135457776001;-3,2765041943708204;-0,8119112581523924;6,242258991174709;-0,4006446001465781;-5,583000894287105;-0,6144727915562708;;8,43735135738041;1,2537273540596925;2,0254361290951386;-0,7926443964580173;7,648512855269305;4,675899938811565;10,447223517789043;5,715513168183326;15,476220166567714;1,4164701569358773;21,791074968360675;100,0;4,854786315913705;4,226134929360125;28,362395749961056;12,554833268764796;2,8192456742391547;18,33453463076612;6,444962830499736;2,0277442635845953;9,159937792079687;-1,0960967673997097;3,9857333113438935;20,531468043083066;12,337785506702975;3,09273428873016;0,4062584375020075;10,950267522203436;8,053823122402056;2,8644112245779096;5,384813234362607;0,5735038804197157;3,1918679918587545;13,288843407912445;13,214423271119657;19,75384259348004;4,501167041106738;1,8579878579865858;12,62342593608133;-1,7163519022003877;1,9829768026433585;-2,601756679800824;6,9243691865251575
DIREITO DO TRABALHO E PROCESSUAL DO TRABALHO;2,2565607566928216;3,6648430657429434;-3,957552826546452;-1,4955051394801067;-3,033960290323475;-1,4195100181597162;-3,312837827131178;-2,5281737899849923;0,9563576896406828;-0,4480836702958191;0,36241952951810263;-0,6241483171087336;-6,487161461391125;-1,5618351368874572;0,285465081442646;-1,4555015924186738;-1,1580501002355634;1,496263845837417;-4,10934397318928;-5,0577075476905105;-0,7733280709712407;;-0,06477642481354584;-3,1631468940533924;0,4230413687664747;-0,6736646317209193;-0,5597869260232433;7,630088793006822;0,8649162618737293;9,03137596656901;3,021191916619781;-0,2873050201651365;16,724274937866525;4,854786315913705;100,0;2,976817453682689;13,711697087669336;3,6696627815592153;0,48410382853695305;12,357969630824407;3,873513750316486;3,1233112527302036;7,345734674663719;7,2258010313374506;3,942674415486444;5,730463724274141;8,259502648467992;-2,2931847619895316;-0,9827039132299962;16,85032817760942;-2,1363459648680525;0,19165989343461234;-2,094120601412491;1,5211214866985123;-2,085223648323765;3,2107481709129257;21,026181121689177;15,682926498451454;-2,780110627060564;1,952141736760006;6,827189221496241;-2,2372871965269465;-0,5125166183730354;9,450023243622539;2,448780908228379
DIREITO E DEFESA DO CONSUMIDOR;5,3249404055284595;0,4186036372617134;0,20312495326476107;-3,0577795431037336;69,53682513323687;-1,2416469518841926;62,638853421510476;59,31803149053197;70,3628922342065;-1,348739941562432;74,16668118730104;72,69971598813059;-5,012614522688324;-2,995242480969727;-1,1104882373996654;-2,5265419862801486;74,85283086648063;8,341372761586024;58,80951049666707;-5,119481902984665;74,52717822629175;;35,06825971017488;6,755886179712416;27,182089689309475;27,57343171854719;33,41321977469391;4,495939775639363;0,6442481279910133;-0,35830127219170116;36,45661017290248;1,2641683102154138;29,04561349946773;4,226134929360125;2,976817453682689;100,0;7,357351870198052;24,24324936608032;35,36751140331585;19,96816277895698;0,8612569721908242;13,004786743136986;40,809155185236065;1,8931721843731912;19,1808593929741;2,5150067412020483;7,883771437285669;-2,197877860643843;-0,8855549966714846;16,857089981959767;1,799433226671858;33,88920609639716;-0,6925191870932278;34,05978780736202;21,683382645963682;17,290417926673136;17,37534703251702;11,747338990645149;7,731984925565492;2,6452465575190636;45,985307808468136;1,6995644023501177;-11,322674869547534;-2,5431252130967863;-14,908965249604123
DIREITO E JUSTIÇA;0,45722640428201516;5,743673962838393;9,01115090868427;-2,2396705856045567;-0,8611828017215106;-1,4904507799234517;1,8125474209745651;-2,749631952867457;-1,4984919833649786;-3,318866746130099;0,07676252928704327;-2,5730641204879263;-1,8164890334610755;-1,6964141175780403;9,718103115097774;-2,959734140256629;-1,0160419196676322;2,518497858291208;-2,1352320294924065;4,966690422695126;-1,0475766892716674;;9,80726081844344;0,6270923667562776;4,975257981386184;12,614063391229955;20,425143868277456;7,533792364833755;20,16980967721086;3,0931730033827627;25,849724223172483;3,7841057750896447;28,699267192542006;28,362395749961056;13,711697087669336;7,357351870198052;100,0;22,209319032857504;8,392930550679013;30,63394148380596;20,453909455325995;11,429564622106987;15,181264633498945;15,694856248277311;12,549066705004542;30,27778010851844;18,864621491966354;1,3832408805375178;-0,6546096835769551;40,4211158447805;13,325582472930494;7,166754727442536;27,646357605375993;2,6607757728832384;4,6554841455367075;15,41396481387762;29,993594597323597;49,78301962094561;33,43124867428822;2,827881881626946;24,082720977291913;-2,093688185974373;-2,8182081250815156;-0,9849397791905795;6,368733939219092
DIREITO PENAL E PROCESSUAL PENAL;-0,5065229735053314;1,4121522508997784;9,2211403609406;-5,138883113869636;-4,078201083979172;0,5259117896818211;-0,10968172888620568;-5,6919384244026245;-1,9117794218249426;-2,1139340539640465;-0,440288310690495;-2,5390306691962383;-2,7301112506978105;-5,042420874564399;-1,2456593114736505;-2,8172618619500196;-1,393227822533729;2,236397333581618;-6,22419053433818;2,632372305602407;-2,3363984070810435;;74,80562763917706;2,083456945486285;57,22795632274388;67,71989239256057;23,29306747355789;-0,6194018768788201;33,36705987436173;4,161378594609346;59,37895323551707;1,8729366805703942;43,5326506521314;12,554833268764796;3,6696627815592153;24,24324936608032;22,209319032857504;100,0;66,22989768386014;31,719913716348398;5,533728767009856;8,488758067467199;53,92326458353269;0,6445186531449123;10,692676565861017;15,008801151881649;19,95709399956296;-0,2046997911011129;1,2023957752274823;24,539685459851874;14,795537830044198;59,78422142968862;31,505174872157802;67,30385544341105;73,41972140096368;13,58529446048548;19,360572139643583;31,302863987557906;32,83753223713193;1,614119031342184;79,19322221172027;-1,2929194981809442;-5,427530639868735;-2,363708834951459;-6,500604537780849
DIREITOS HUMANOS;-1,4113908750907609;2,4172243313586734;0,9942282279350854;-3,6219977746655205;-3,6193332266442333;-0,5718506440248088;-1,9508683797105024;-6,093968137576413;-2,3717422753051762;2,166133382713883;-0,7520626331093636;-2,540099603586736;-3,1670212688905264;-4,353816025805572;-1,2945040238520629;-3,147644178248522;-1,0916773947044214;-1,6791304858266785;-6,440523300235915;-1,7665161823465398;-2,464897189736586;;79,76764992060123;7,830857975959475;78,53999536439915;82,62374521617676;23,951054930879963;2,4074773641180474;10,460908835274783;0,48993309215532427;58,49457275581673;5,164792912562027;56,78616212124108;2,8192456742391547;0,48410382853695305;35,36751140331585;8,392930550679013;66,22989768386014;100,0;24,899505675132993;0,5727383205231098;14,791696071735611;70,2445865335091;-0,3077348592067722;24,41392873257995;3,344062355019623;6,691504773820493;-0,7866610154790417;0,4561994269334895;18,49911965869024;7,856255665514389;82,30742359277644;10,436283413343594;86,33137642270454;71,27679683662443;15,257843618038255;15,586390986098431;16,788271603849818;16,434472716486052;33,99117500479266;89,61524886267983;-0,7504496307744998;-8,507342683072942;-1,4283390075815088;-10,725061426803352
EDUCAÇÃO;-1,0106513358419529;6,9231423173324576;2,052954260829908;-2,8353027998486398;-2,0048578072762293;-2,2151334935904066;-1,2802869626726512;-2,50595019434392;0,3511905743187377;-0,8664333187746222;1,220479058042865;-2,841551684991699;-3,3738784327547484;-0,9874376103305238;0,5348725588898329;-1,5335809205065585;-1,9427660222288798;5,037900740363101;-1,6194735777256688;-2,864533104061328;-0,8874057436492137;;19,218128605625846;13,375692893050969;11,062786317512835;4,3700980191747;37,040925641996715;5,76574077101018;12,7324220161351;12,760067351776765;59,69639349920328;4,02847382970604;19,66773680405533;18,33453463076612;12,357969630824407;19,96816277895698;30,63394148380596;31,719913716348398;24,899505675132993;100,0;15,198456353646153;29,523873005249712;35,66924838689481;9,056400011281896;25,5393737415834;18,864202801181143;26,11038402976813;-0,777240746222708;-0,6857758544604323;48,7629476081692;17,410546156210675;13,201442103848759;14,882875229371315;13,703974995055972;4,744829375162825;28,605313087544804;34,97686140276681;40,60984578953684;19,178985533516915;8,952034661196123;40,09378495731419;-3,603789110360467;-9,822197898041745;-0,5757888117623483;7,144995237858405
FINANÇAS PÚBLICAS E ORÇAMENTO;5,381993295095815;6,9496228509967155;-3,5334365859236714;-0,9002805082016214;-2,664940446439419;-1,9895098813924361;1,3994422629194119;-0,5583894395320984;0,6298965075256263;0,8132991240841252;-1,2142636353843026;-1,3478052280257473;-1,090741008148214;2,971495112894077;-3,8292383104817884;-4,423154591028017;-1,5178634323512068;1,8120520386538534;4,220206323717031;-8,433954224002205;-1,0380556553488587;;8,73364505151228;6,575778304126281;0,381564379992852;-0,04383674643042335;1,1899680701401698;4,0896218823232955;2,0904974368242972;9,414836736770308;5,983280170465362;-0,8837921145471633;11,154974997126214;6,444962830499736;3,873513750316486;0,8612569721908242;20,453909455325995;5,533728767009856;0,5727383205231098;15,198456353646153;100,0;5,194072598075125;3,6385219677912106;-1,8127275787548833;6,223068948587406;15,873451168693913;31,725544540836154;-3,244060973002844;0,0796301068712578;8,413278436694188;19,850164460411886;3,7107398997517915;-0,9887085558657921;0,6914739934950798;-0,09425364770238652;10,155556867565195;17,04894331375331;18,31219831452198;-2,0407944392616235;-0,005302772896209548;9,938720648772406;-3,0234659319600348;3,7325392046772294;2,731824771648883;9,904621817845273
HOMENAGENS E DATAS COMEMORATIVAS;2,385082209145412;4,24055879663263;3,3289794305336726;-3,371961795370044;-2,371637797211874;-2,9199025736921245;-1,5309177135538397;3,083930345936699;-3,6472821807806284;12,03179136923108;-0,30986589144416193;-1,9319931693009336;0,4710900498293856;8,516302358153501;2,457586016377758;3,4649751548932817;-2,2073136596878964;8,233168230782836;3,104035716532114;-0,07580545284253885;-1,0311385910651463;;9,402660624973564;22,241221136697686;6,166021914915915;-0,4926707655233177;19,75239197084538;8,675882805505434;-0,4600452663467983;0,7044648205546821;28,941574400950625;1,2442766024963043;11,583888891385435;2,0277442635845953;3,1233112527302036;13,004786743136986;11,429564622106987;8,488758067467199;14,791696071735611;29,523873005249712;5,194072598075125;100,0;21,8262748642322;1,1299554496897974;13,189038203129705;3,3609093465749496;24,046261711390844;-1,452329754480645;5,325659741043278;30,67130219500672;17,025456020266375;6,488159442559614;-2,0249005565338614;4,997928326381863;0,7696578429325741;18,914053518411517;23,46259243803602;16,898594112781158;13,952245207074117;2,129029843479836;21,363175171355707;-4,54916874449324;-1,1817260127857971;-6,584728157159163;16,492170840807745
INDÚSTRIA;-1,413696212630314;0,04007455040238914;5,44797551378319;-5,573871882543435;-2,409485881316367;-1,6636491212426596;-1,5789198481246867;-4,188412795268784;-1,6689435192531026;1,072523238978188;-0,9310860143373736;-2,289990209413541;-2,2341406104254506;0,6039692921017205;3,291760614617932;-4,393299077088257;-1,2839605167813897;1,5639217396882295;-3,226479728886315;1,3338059906858801;-1,7437799728074126;;64,56080619761022;14,032605168321163;60,737960056121764;62,93047726171543;36,737966084459444;7,6817784166266545;5,563829416709005;0,007856255354561942;65,30138299130374;3,6441176527821084;46,15894360255336;9,159937792079687;7,345734674663719;40,809155185236065;15,181264633498945;53,92326458353269;70,2445865335091;35,66924838689481;3,6385219677912106;21,8262748642322;100,0;7,431350471423053;15,858560690957898;9,128239817487401;11,299724686007687;-0,8592457160381777;-1,3044328478100955;28,661144226958633;7,191877365562892;66,55117011657028;6,718552527740481;67,94535838051735;46,690206735302795;26,355470420285226;23,361206093438838;28,494593993646806;19,152471413258258;5,825001596108639;76,07856809045262;-1,599620836873677;-10,597188350377907;-2,7591091787587363;-4,459170324908088
INFORMÁTICA;1,3154697589229885;3,6922832682763773;1,7235864758674633;3,2137698861133552;-0,27470924964041565;-0,38068248166420987;-0,010037193890402902;-1,621047191061906;-1,6725443012342849;-0,8476861136565076;0,24114797695622667;-1,9330757164614938;0,3543058530360496;0,7775283973054896;27,798982038893776;-0,3861660297312365;-0,16318189511868011;-2,1432441591431397;-0,028534919353129445;-1,7522478366712329;-0,1632971384988581;;2,2154324219426718;-1,6100788614093073;2,4546067130467053;-0,48973382718815583;2,567594903673559;-0,597262450078594;-1,038613753834953;5,15493671618504;3,147271217566823;0,5660087361034637;-0,18050243167369573;-1,0960967673997097;7,2258010313374506;1,8931721843731912;15,694856248277311;0,6445186531449123;-0,3077348592067722;9,056400011281896;-1,8127275787548833;1,1299554496897974;7,431350471423053;100,0;-1,412501794480024;-0,7724446128898231;-1,716636806898169;-0,6149835189190567;-0,3696800941371416;18,631530297160108;-1,684475147171149;0,5341610671622928;-0,5615987328383639;1,8736459005901347;-0,8500961469775602;-1,5553276056398195;2,000328847873525;0,9603526676639684;-0,7455667091258147;7,775896688631747;3,1457547323485144;-0,5679198580402505;3,887911090407265;-1,1613481007616286;3,0542799853613536
MEIO AMBIENTE E DESENVOLVIMENTO SUSTENTÁVEL;4,4882689395817605;3,6547030308832986;-1,6450594788163824;-4,0543049144647405;-2,2414721796990533;-1,4791349766053548;3,816281858894224;-4,624656365102895;-0,572138334832028;-2,734884243271648;-1,5271825803665187;-0,8941280364695949;-4,2144781823972615;5,507827545277453;-3,158697349800532;-2,788906547909951;-1,0479456110943692;4,514186319384991;2,130366880855129;-3,5627999593316777;-1,1530338105287479;;8,387775720085063;13,111894612257405;-1,021301367089822;-0,5959980478897021;13,834224391008847;2,39285201359939;-3,424409099859993;12,294521752849837;26,85753426034352;6,927006050897543;24,72827715117998;3,9857333113438935;3,942674415486444;19,1808593929741;12,549066705004542;10,692676565861017;24,41392873257995;25,5393737415834;6,223068948587406;13,189038203129705;15,858560690957898;-1,412501794480024;100,0;5,001590206693451;5,760259473561129;-0,6661989104071642;1,7894714781858303;28,833201059718228;2,980542640961369;9,35467560601295;-0,9868221521687645;9,611915817128743;10,011773276389176;9,9822507285893;14,38867404697573;16,345513724676103;10,871261422816268;46,20545048900386;28,091001224350652;-1,1615036586341334;-2,1829870973676693;-1,819194199035734;-6,490047299435564
ORGANIZAÇÃO ADMINISTRATIVA DO ESTADO;0,9303594033416636;7,123992708796785;4,949614879155539;0,8260803341303237;0,4988951457666393;-0,8557033446527045;2,9170304451334466;0,5622445412724102;-1,8057357887104102;-1,9054405642740337;1,4205254788611523;-2,1910670946743678;1,652048887590607;1,897042726920697;-1,6339712680693768;-1,7515554335920658;-0,7607406339763433;-1,7928754262422557;-0,4905143182205909;1,6154112324768437;-0,24088258205406973;;11,138632335356517;2,75402455715684;1,8384229248952124;-1,1008304665936874;14,28083754916391;-1,342534791549724;6,498998278561878;-0,5230908699762137;19,01669166124325;2,1606577504172577;13,795228842949214;20,531468043083066;5,730463724274141;2,5150067412020483;30,27778010851844;15,008801151881649;3,344062355019623;18,864202801181143;15,873451168693913;3,3609093465749496;9,128239817487401;-0,7724446128898231;5,001590206693451;100,0;10,31272174440126;-1,3823684550567037;-0,8309720258777411;5,667560566364526;15,047719856175402;2,285368024769002;5,647968161179913;0,17275924028020673;10,796194727462128;10,099242033643883;20,112006217344018;14,585635192637847;11,573059968702266;0,2577719233943207;13,63571963168819;-1,2640678734087623;-1,7584113565889208;-2,9789360082809724;5,4350385798166245
ORGANIZAÇÃO POLÍTICA;1,2119393614620222;11,556000702521228;-0,21621139171485154;0,608339341373487;-1,747889730780485;-1,0827954534515598;-1,1727641308330852;-2,4848306568355754;0,2847998669349412;0,7470267086600834;0,3244949932782581;-2,570638666456463;-0,8226303339697414;-1,8521145593034187;1,825430139039414;-3,106132550913699;-1,5101459450502046;4,702664060516037;2,7287586789579343;-3,2370539573449424;-0,8840260161826097;;16,76192091122616;6,247139835215873;5,459934501327175;-1,3049187020208095;8,150745459609901;-2,983572672082893;2,296811982626053;11,0953053639087;17,437973126192997;0,3998010015637142;13,799017329937355;12,337785506702975;8,259502648467992;7,883771437285669;18,864621491966354;19,95709399956296;6,691504773820493;26,11038402976813;31,725544540836154;24,046261711390844;11,299724686007687;-1,716636806898169;5,760259473561129;10,31272174440126;100,0;-0,07272860287054882;-1,2194891600861018;18,614724572743796;22,983269666394254;3,497883991121778;-1,7407918462012777;3,519253214538462;1,7144366706573024;12,718208672012285;17,86411082648086;15,695120218112429;1,3785134855774546;3,5786805015002803;19,022339689520663;-2,6951089762312006;-7,199214953726029;-2,079713160216369;5,503256521795293
POLÍTICA ECONÔMICA;1,6347081132153427;-2,0097598443328724;0,042883068471093994;0,41367012517172164;-2,0815153583188475;-0,6812701457992864;0,9401855690827293;-1,6996584278975473;0,6933310146870749;-1,5170207983255735;-1,2239661383562697;-0,6528519304154219;3,481364028761189;-0,939933210751444;-2,595088767866497;-0,2945698993491978;-0,6222483157855613;-4,051899766606047;-3,3212238332058552;1,0683895383784219;-1,021159277012958;;-0,01458023147827863;-1,480589775788853;-1,6170799244985132;-0,8764286562196145;-2,247553704589337;-1,068862099108589;2,6482812191176106;-2,7369787279708033;0,8949905413980145;-0,14794190034827132;-0,33769605722752605;3,09273428873016;-2,2931847619895316;-2,197877860643843;1,3832408805375178;-0,2046997911011129;-0,7866610154790417;-0,777240746222708;-3,244060973002844;-1,452329754480645;-0,8592457160381777;-0,6149835189190567;-0,6661989104071642;-1,3823684550567037;-0,07272860287054882;100,0;-0,6615802506353717;0,6629191950092915;5,995797714296375;0,9395369973391358;-1,0050382379795542;-1,1940145917262883;-1,521333798873506;2,6881754203754626;-1,2715717570239848;-0,36687475851874984;-1,334267703648267;-0,5913319894014346;-0,5774472945246318;-0,8808083991103156;-5,783117320460941;11,181954860795958;0,5498101411041522
POLÍTICA FUNDIÁRIA;0,23122475078337598;-0,20557401480114884;3,6751266167827636;-1,0744455242219746;0,3171986250488688;-0,1460669291919309;1,780373332033635;0,6296562976511395;-1,5059167282872357;-0,9119145054793292;-1,2384077025728026;1,3617421549101532;1,2277404673667918;1,8866717767151437;-0,7184912373571231;-0,6286583553703479;-0,30183958759782187;-0,5541758994545178;3,1721632948407277;-1,176315449554708;-0,18761891891208135;;0,9060918809118718;26,97524400499044;-0,8158286780607744;-0,5268405057508622;-1,2681149260934401;-0,64251647281967;-0,6460672390002132;-0,4013617790760503;-1,1336509230510317;-0,3804844865714596;2,269731801627743;0,4062584375020075;-0,9827039132299962;-0,8855549966714846;-0,6546096835769551;1,2023957752274823;0,4561994269334895;-0,6857758544604323;0,0796301068712578;5,325659741043278;-1,3044328478100955;-0,3696800941371416;1,7894714781858303;-0,8309720258777411;-1,2194891600861018;-0,6615802506353717;100,0;-0,23747509101293227;-1,058424228772473;-0,8353239527020228;-0,6041505487509073;-0,7536990242990051;-0,9145071447932597;-0,9931819174495893;13,805632619348046;0,8005370184747973;-0,8020576082361052;5,400036831673994;5,1557542863649415;-0,7040613613203601;-4,8505310784805;-1,1979726684951173;2,671868748496251
PREVIDÊNCIA E ASSISTÊNCIA SOCIAL;-1,001600161599466;0,7307607404199082;5,694573443392733;-5,2800441095896415;-0,8034121460057435;-1,9169828216190097;-1,5539448454461045;-4,5921543125350315;-1,319405115401734;-2,02647760082922;0,591494869720992;-1,9107158603212677;-1,818157015262401;3,464734882306274;0,7125809801703378;-1,9222067833173908;-1,2626354944185332;4,651199862362601;-1,7274079733658492;2,236368590475858;-0,7430658376544519;;12,957433526453773;10,615414758294927;4,411936695103183;4,975199565097224;21,593797710957688;13,774595810642504;5,2009023377371415;0,5140730680054838;46,301200392229305;3,3039993235705194;32,72029427631564;10,950267522203436;16,85032817760942;16,857089981959767;40,4211158447805;24,539685459851874;18,49911965869024;48,7629476081692;8,413278436694188;30,67130219500672;28,661144226958633;18,631530297160108;28,833201059718228;5,667560566364526;18,614724572743796;0,6629191950092915;-0,23747509101293227;100,0;7,16470535962632;10,311940989854731;10,040963591068937;12,761891577360704;3,6099475662413782;23,51607502846123;47,466771959992286;42,01178668092583;22,682032457006677;6,379647251779379;34,34773185775427;-2,9619119968540106;-4,404409090025689;-2,3481805600525716;9,440899432474334
PROCESSO LEGISLATIVO;-2,6094459586469076;0,49051059975235656;4,383759494010227;-3,6862923728638144;-2,4555018487334443;-1,0174162582879078;-0,11427472174934689;1,6422370023294066;-0,988600009966699;1,9316930365861775;-0,04376595236518288;-1,706552636277786;0,33364513776129145;0,13514184932888657;-2,8569108920268262;-2,3067594035379;-1,5880970294727035;0,6134146014168548;0,266455523191216;5,774163931840042;-1,092138070050689;;21,073340048300977;2,1711814662097577;0,20541016385570657;-1,3032545971659286;17,88306793220093;4,111457797796028;8,106781815878092;9,769903313410545;16,30613793401793;-0,9060052736860762;15,80718029138043;8,053823122402056;-2,1363459648680525;1,799433226671858;13,325582472930494;14,795537830044198;7,856255665514389;17,410546156210675;19,850164460411886;17,025456020266375;7,191877365562892;-1,684475147171149;2,980542640961369;15,047719856175402;22,983269666394254;5,995797714296375;-1,058424228772473;7,16470535962632;100,0;3,6418316892158686;8,9409527681142;4,808746818057991;6,132793007900935;37,77844492491485;15,259302749394738;23,44720096965749;2,477202133600131;3,1494106138095876;18,510772666988984;-2,226096823583891;-2,715518881310685;-4,0863206267969545;1,776110655067368
RECURSOS HÍDRICOS;-3,1757187230745427;-0,3611823953592025;-2,948328610273651;0,42044227963944114;-1,1070364653146194;-1,0710660702119699;-1,2305548091529885;-2,4252002350465296;-2,348939547038743;-0,9637174726226253;-1,593530216971987;-2,0616949141653658;-0,798403212070097;-0,53483815954692;-0,029811419416084246;-1,9201204850238285;-0,9472736084779727;-1,2299548653193977;-2,128974854153232;0,7636600655867439;-1,7961845149759699;;83,78210596075346;3,982212305910901;85,39504116247548;85,38975448309058;10,195141057533641;2,8659983876175086;-2,764476498541228;2,6512321145523305;47,723795584293164;0,2145497565629761;43,87240185611822;2,8644112245779096;0,19165989343461234;33,88920609639716;7,166754727442536;59,78422142968862;82,30742359277644;13,201442103848759;3,7107398997517915;6,488159442559614;66,55117011657028;0,5341610671622928;9,35467560601295;2,285368024769002;3,497883991121778;0,9395369973391358;-0,8353239527020228;10,311940989854731;3,6418316892158686;100,0;1,3093475722829913;91,19105876293956;68,0608270020338;10,703377577443597;9,028665904246955;9,03931124650609;3,607132823678432;0,06717230560284923;80,87645921706806;-0,6115849656979281;-5,237194086498966;-0,5394054051977215;-6,013222580397394
RELAÇÕES INTERNACIONAIS;-2,096622991971146;-3,7226620291250665;17,94962526812869;-2,7945731043952633;-2,275660886578135;-0,6221312260106854;4,761579608858354;-1,6974604220241867;-0,06570806344179221;-1,385332991567874;0,9368974793968017;-0,2620533046639426;0,2682683359622461;-1,658233096192619;-0,5987231278795593;-1,869045060470232;-0,40312988812186207;7,761044025431587;-1,2818474171872727;9,912790479965604;-0,11254344736727974;;4,653689628487259;-0,6424039553421362;-1,4767062995329612;23,008273530562512;23,450355791838433;-0,9760775402459809;50,0071173443673;-0,3880205599756995;20,80391692375942;3,6749731960276684;4,853437408184295;5,384813234362607;-2,094120601412491;-0,6925191870932278;27,646357605375993;31,505174872157802;10,436283413343594;14,882875229371315;-0,9887085558657921;-2,0249005565338614;6,718552527740481;-0,5615987328383639;-0,9868221521687645;5,647968161179913;-1,7407918462012777;-1,0050382379795542;-0,6041505487509073;10,040963591068937;8,9409527681142;1,3093475722829913;100,0;2,101547265890376;11,477569954956124;-1,24703634399707;2,348896621438194;37,69623567806724;56,79677633078123;-0,7354642991292314;16,326384554556128;-0,49908051047799756;-2,3579763248961583;-1,0588508805095742;-6,198477571684066
SAÚDE;-1,9069585113341316;-2,897708511197726;-0,13064767341177252;-1,819401539472269;-2,470208369549808;-0,8292221219392378;-1,9092395208977493;-4,093175843042399;-1,6985365467705529;0,5496485898365171;-1,3614153062250385;-1,5389974999505749;-2,712305503317232;-2,587424398325485;-0,33719908762510137;-0,978757320450834;-0,671145648363192;-0,6335824915561984;-3,803052943188825;-2,221185904813217;-1,868527187290215;;88,93312942063359;0,32249622953012946;89,44124943356155;90,51732807181196;7,216108604972818;2,4886308420558367;1,5010221825118437;-0,3686515632776772;47,93275577503617;0,11870841028538065;43,964484333263144;0,5735038804197157;1,5211214866985123;34,05978780736202;2,6607757728832384;67,30385544341105;86,33137642270454;13,703974995055972;0,6914739934950798;4,997928326381863;67,94535838051735;1,8736459005901347;9,611915817128743;0,17275924028020673;3,519253214538462;-1,1940145917262883;-0,7536990242990051;12,761891577360704;4,808746818057991;91,19105876293956;2,101547265890376;100,0;72,83254898549922;7,788238292302116;7,026751682273906;7,675344304061859;2,339309181256787;1,6435506814856875;84,78533674663805;0,2544491612233984;-6,04918454510737;-0,48363648750970845;-11,4122657823232
SEGURANÇA PÚBLICA;-1,7921637744836665;4,903628288432261;-0,057021384948288796;-2,601932146721635;-2,632006116251488;0,2940768198040757;-1,4319764835890203;-6,7631521804415895;-1,4920977273391334;-1,7569527322458736;-1,383402792987103;-2,876217893846136;-3,4207126289104335;-6,56616336822421;0,5901581045629083;-2,5599733497963237;-0,7883885720376864;-3,888774859542289;-6,802471346391184;-1,722453685235445;-2,556456435473211;;73,14228866937827;-0,2624575448013566;67,81114740058838;71,0136320331269;9,144871133077888;-0,43279633794117883;14,303994349136612;-1,3618763003520709;36,30456497935702;2,4345636759584486;44,53913092803609;3,1918679918587545;-2,085223648323765;21,683382645963682;4,6554841455367075;73,41972140096368;71,27679683662443;4,744829375162825;-0,09425364770238652;0,7696578429325741;46,690206735302795;-0,8500961469775602;10,011773276389176;10,796194727462128;1,7144366706573024;-1,521333798873506;-0,9145071447932597;3,6099475662413782;6,132793007900935;68,0608270020338;11,477569954956124;72,83254898549922;100,0;5,511359502959781;6,517891619979836;7,94680504447802;13,493359628890255;18,01133968810392;73,71664095165006;0,577728373593;-7,577745097992369;-1,5476602137134465;-16,275288420981493
SISTEMA FINANCEIRO;-3,689072597315667;0,32240733334685057;2,9487810388883777;-5,545030367442185;-0,9732785746020154;-1,7229701806030018;-1,4253620265989682;1,3790134621506218;-2,0171178726061454;-2,8060165468465166;2,103259810706666;-1,4904478187895605;0,6559972914054027;-0,5799229854388596;-4,263563986761498;-3,1648453614413397;-1,5226430074692021;-0,9458202923099969;-0,1544833717588412;3,840588052916755;-0,46655388429999295;;21,14583820690432;8,852496967828442;3,7695700255745557;1,1152824692622076;35,72150234902212;9,170577327986138;-3,8732109378402138;5,141165438759404;33,558893169948774;2,3123214685158913;31,222016531448638;13,288843407912445;3,2107481709129257;17,290417926673136;15,41396481387762;13,58529446048548;15,257843618038255;28,605313087544804;10,155556867565195;18,914053518411517;26,355470420285226;-1,5553276056398195;9,9822507285893;10,099242033643883;12,718208672012285;2,6881754203754626;-0,9931819174495893;23,51607502846123;37,77844492491485;10,703377577443597;-1,24703634399707;7,788238292302116;5,511359502959781;100,0;33,98797701140062;38,18609174906715;9,037572454481452;3,1449154156247925;28,58126657484292;-1,9522905317384143;1,271100796960242;-1,0005574006201365;-1,5619207212984059
TRABALHO E EMPREGO;-2,524544508959018;9,491795014131675;1,7530187619074649;-5,228016020173054;-1,2000595450851819;-2,447081368434656;-1,829865834195236;-1,5732973812593218;-1,5361726556151558;-1,9865829668262704;3,0081303441817506;-3,319090556885546;-2,275001342218581;-3,9016132983194325;-3,336321700370083;-2,47819228668304;-1,9702127647220926;3,9453319737403;-1,0664271460267978;-8,721573745384838;-0,8497477709822612;;13,18984050331663;14,487455164300775;5,968359584721245;0,6429088173041788;19,87261826059661;21,008856942064032;7,266554816647474;3,7241088025017235;39,466714259127734;1,3369347916063863;47,23598815726987;13,214423271119657;21,026181121689177;17,37534703251702;29,993594597323597;19,360572139643583;15,586390986098431;34,97686140276681;17,04894331375331;23,46259243803602;23,361206093438838;2,000328847873525;14,38867404697573;20,112006217344018;17,86411082648086;-1,2715717570239848;13,805632619348046;47,466771959992286;15,259302749394738;9,028665904246955;2,348896621438194;7,026751682273906;6,517891619979836;33,98797701140062;100,0;39,40119077481051;6,7419709904656235;5,620408898712796;32,166607730397416;-3,8572821981988303;-1,9789456558721992;-2,562899279875616;9,801945088042416
TRIBUTAÇÃO;-1,6846549798443662;1,3460158315982511;15,9495491685559;-4,312391745925762;-3,058311133446747;-1,9530776783216062;1,1961070253437378;-3,7441655958009474;-0,7464837501338633;0,4592332290732892;0,7203506039027177;-1,2749484056708544;-0,8626085256019455;1,8750378157651375;0,5699212987767625;-3,463315054594217;-1,6774628556723137;6,203205675632381;-0,21427620672036404;8,454121531856403;-0,7249141211428791;;16,334833392099778;6,93841513736233;2,9862072296123747;17,135712432878766;36,932911534248625;23,970214100795538;26,9022451031662;1,0271423809656095;41,95157777023631;4,717636277726593;35,542865632366784;19,75384259348004;15,682926498451454;11,747338990645149;49,78301962094561;31,302863987557906;16,788271603849818;40,60984578953684;18,31219831452198;16,898594112781158;28,494593993646806;0,9603526676639684;16,345513724676103;14,585635192637847;15,695120218112429;-0,36687475851874984;0,8005370184747973;42,01178668092583;23,44720096965749;9,03931124650609;37,69623567806724;7,675344304061859;7,94680504447802;38,18609174906715;39,40119077481051;100,0;43,71766393791517;2,729501917444195;36,39617264760967;-2,753647389911552;-5,338568085567073;-2,2720588898099257;-0,9359629103504312
TURISMO;-2,364475378717953;-5,307279444602366;23,55009448225093;-3,4160660769364144;-2,0051661783631496;-0,6859406320870337;5,8929925625450625;-0,528759590311285;0,14421231613659868;-1,8391390492398931;-0,3805060165040162;-1,1517525324442508;-0,09273972836374574;4,138750658593756;-1,0280028616358978;-2,148421663083042;-0,2543581216283234;7,13130864534774;-1,6129690386199165;21,73253914080716;-0,28044453467574637;;7,682795012029614;7,946359296323556;1,0901754666771741;23,819309072511437;38,583362117449056;7,505676834121575;37,89472962690261;-1,2941094629304988;32,61715325207335;6,059676959220518;12,215780766406134;4,501167041106738;-2,780110627060564;7,731984925565492;33,43124867428822;32,83753223713193;16,434472716486052;19,178985533516915;-2,0407944392616235;13,952245207074117;19,152471413258258;-0,7455667091258147;10,871261422816268;11,573059968702266;1,3785134855774546;-1,334267703648267;-0,8020576082361052;22,682032457006677;2,477202133600131;3,607132823678432;56,79677633078123;2,339309181256787;13,493359628890255;9,037572454481452;6,7419709904656235;43,71766393791517;100,0;-0,573889766820228;24,047363814401756;-0,8666449426943005;-0,06894296560358093;-1,427676273586898;-0,8399527782459673
VIAÇÃO E TRANSPORTES;0,9511835474176117;9,022941614683827;-1,416398056608324;-1,2267006289116653;-2,7086616621762536;-0,6035028937836899;-1,6606405193747418;-5,390617005964062;-1,849737319301119;-2,0144461522585857;-1,4511861486849678;-0,8921622751074708;-2,7502745077332165;-2,5826344272026955;2,165950407327803;-2,3352236139703346;-0,6027379894839093;-2,2249129192522172;-2,5100966334495123;-1,7662941649884085;-1,786549395047461;;1,66240100149497;0,67701115855224;1,6273646483131516;-0,35834821798195415;4,205413744118819;2,2476361999692775;-0,44115367530474126;2,1789323201761306;8,017970449002815;10,44367154634347;34,638513914001514;1,8579878579865858;1,952141736760006;2,6452465575190636;2,827881881626946;1,614119031342184;33,99117500479266;8,952034661196123;-0,005302772896209548;2,129029843479836;5,825001596108639;7,775896688631747;46,20545048900386;0,2577719233943207;3,5786805015002803;-0,5913319894014346;5,400036831673994;6,379647251779379;3,1494106138095876;0,06717230560284923;-0,7354642991292314;1,6435506814856875;18,01133968810392;3,1449154156247925;5,620408898712796;2,729501917444195;-0,573889766820228;100,0;20,68168652877795;-0,6587466511445642;-4,048902836370476;-1,965610862850007;-8,810102404546067
TOTAL PROPOSICAO;-0,7365346828119059;3,8416347702472513;4,031562828086798;-4,727910185374398;1,7012133801444143;-1,6722126883720494;3,4007798494938157;-1,3385205978559602;3,138972219615768;-0,856278326283162;5,393715763285965;3,227013720555304;-4,2322183508978295;-4,2253205763581585;-1,0211483823388972;-3,339885208517897;4,36282806360279;1,5295123247311957;-0,6689957793486367;-1,2062632166300067;3,4942687906920398;;86,99204692978904;13,06773451678754;75,29686064567761;78,77859085146576;35,36163361811929;7,8764701555253485;16,259921237778638;5,809078144668773;71,6835077508869;20,6706483586919;64,49489990058886;12,62342593608133;6,827189221496241;45,985307808468136;24,082720977291913;79,19322221172027;89,61524886267983;40,09378495731419;9,938720648772406;21,363175171355707;76,07856809045262;3,1457547323485144;28,091001224350652;13,63571963168819;19,022339689520663;-0,5774472945246318;5,1557542863649415;34,34773185775427;18,510772666988984;80,87645921706806;16,326384554556128;84,78533674663805;73,71664095165006;28,58126657484292;32,166607730397416;36,39617264760967;24,047363814401756;20,68168652877795;100,0;2,2730337736395256;-10,275121619383828;-1,567685702103225;-10,78271673641565
Numero;-2,5804954609245625;0,5462940216974996;-5,002051738403082;-2,567456299570169;0,8768219454890129;-0,581435049638716;2,0195678177476806;-5,107464474894668;1,533324383539088;-1,4787333307785133;0,7140273035926287;1,2352431468588616;-3,4575443423170613;-4,359377618928565;5,985296063146809;-1,4861904055935171;2,9109713964465436;-3,7352993883316503;-3,3897318009311292;-2,5288989627888703;0,8252003515081376;;-0,8776568715035238;-2,4317821140727185;-0,1566813849644099;0,631938603068624;-1,8972938710303522;-1,172179368935684;-1,4838436376293134;-2,4461860445978822;-2,8869060490765612;23,91793770080026;-1,4467045823492393;-1,7163519022003877;-2,2372871965269465;1,6995644023501177;-2,093688185974373;-1,2929194981809442;-0,7504496307744998;-3,603789110360467;-3,0234659319600348;-4,54916874449324;-1,599620836873677;-0,5679198580402505;-1,1615036586341334;-1,2640678734087623;-2,6951089762312006;-0,8808083991103156;-0,7040613613203601;-2,9619119968540106;-2,226096823583891;-0,6115849656979281;-0,49908051047799756;0,2544491612233984;0,577728373593;-1,9522905317384143;-3,8572821981988303;-2,753647389911552;-0,8666449426943005;-0,6587466511445642;2,2730337736395256;100,0;0,8314752419448284;0,9544968759744165;-29,589189732873024
Idade;-2,1757800615794394;-14,664917314898792;10,869890224773798;3,442718767940758;-8,67391097478679;0,3416841048655178;-1,1562500819306978;-1,1388287021063994;-11,361656307339265;-4,380602522218796;-11,022292452274428;-7,036411029960685;1,7094150909222974;6,455039898179522;-9,921253597327176;1,1141388503782308;-7,884576145726985;10,469316237112093;6,4545975005519285;1,2000223658802027;-8,699287460257661;;-6,022557410847891;0,19335358742252812;-6,122280696734218;-5,070866500651054;-8,792127447579688;0,20866762067088618;-0,43848093632018004;-5,751754994082415;-8,99771995998568;-5,226206347400715;-0,4991687165701017;1,9829768026433585;-0,5125166183730354;-11,322674869547534;-2,8182081250815156;-5,427530639868735;-8,507342683072942;-9,822197898041745;3,7325392046772294;-1,1817260127857971;-10,597188350377907;3,887911090407265;-2,1829870973676693;-1,7584113565889208;-7,199214953726029;-5,783117320460941;-4,8505310784805;-4,404409090025689;-2,715518881310685;-5,237194086498966;-2,3579763248961583;-6,04918454510737;-7,577745097992369;1,271100796960242;-1,9789456558721992;-5,338568085567073;-0,06894296560358093;-4,048902836370476;-10,275121619383828;0,8314752419448284;100,0;14,518006940055878;0,12214917911642187
Bens;2,833304652314987;-4,9759408515926955;-2,9807095103312307;-0,48676750574364336;-3,4511942843769514;-1,5035301675007746;0,47072951069836877;2,4371939133889198;-1,0769662315757602;-2,815220960879463;-1,8573753777253283;-0,39809519404072546;-1,400186632217957;-1,14178289697032;-3,307860260469898;-3,2766311966476196;-1,0769441395109336;0,6393793292686686;0,8112969534885061;-4,431360734325388;-1,5246403025606472;;-0,3703097335225861;-1,4513952542876896;-1,4236791528117416;0,39482467729309195;-3,481271119915139;-0,9609021221542959;-1,1214296624026536;0,8510523151877192;-5,037319585020418;5,600237844971785;-1,676891641110062;-2,601756679800824;9,450023243622539;-2,5431252130967863;-0,9849397791905795;-2,363708834951459;-1,4283390075815088;-0,5757888117623483;2,731824771648883;-6,584728157159163;-2,7591091787587363;-1,1613481007616286;-1,819194199035734;-2,9789360082809724;-2,079713160216369;11,181954860795958;-1,1979726684951173;-2,3481805600525716;-4,0863206267969545;-0,5394054051977215;-1,0588508805095742;-0,48363648750970845;-1,5476602137134465;-1,0005574006201365;-2,562899279875616;-2,2720588898099257;-1,427676273586898;-1,965610862850007;-1,567685702103225;0,9544968759744165;14,518006940055878;100,0;5,763989479708496
Atuacao em meses;12,217958939082513;18,546481055615082;-3,96285501418788;8,547662828349715;-10,120204918653709;3,3820769962609196;-9,708901962285738;1,4122572146407897;-13,5112006058872;4,870442302635788;-9,440019226338288;-11,442935239446655;6,543899871332799;7,5289024887618545;-10,883277930242302;0,37116653584038267;-12,269871287360656;5,0646427876267905;3,461445849446825;-0,5586952931530538;-10,33131629999939;;-8,201811129229286;7,447730494935856;-8,663128977784245;-12,190292533853247;-2,6986574674666777;5,3084416345934295;-1,3243317601695224;8,2215877733688;1,094307972637967;-13,342888737058226;-4,7364436617337375;6,9243691865251575;2,448780908228379;-14,908965249604123;6,368733939219092;-6,500604537780849;-10,725061426803352;7,144995237858405;9,904621817845273;16,492170840807745;-4,459170324908088;3,0542799853613536;-6,490047299435564;5,4350385798166245;5,503256521795293;0,5498101411041522;2,671868748496251;9,440899432474334;1,776110655067368;-6,013222580397394;-6,198477571684066;-11,4122657823232;-16,275288420981493;-1,5619207212984059;9,801945088042416;-0,9359629103504312;-0,8399527782459673;-8,810102404546067;-10,78271673641565;-29,589189732873024;0,12214917911642187;5,763989479708496;100,0
